engine_id,dataset_id,health_index,risk_score,risk_state,rul_cycles,ci_lower,ci_upper,ci_std,model_name,rmse
34,FD001,0.2597123433273486,0.7402876566726514,Critical,3.698652753342952,0.8390024250685317,6.558303081617373,2.8596503282744203,Monotonic HistGradientBoostingRegressor,18.459221643626265
82,FD001,0.28006358747748183,0.7199364125225182,Critical,4.425594952370807,1.7322884343524811,7.118901470389133,2.693306518018326,Monotonic HistGradientBoostingRegressor,18.459221643626265
42,FD001,0.28646048447842665,0.7135395155215734,Critical,4.056683505007001,0.8889713968759607,7.224395613138041,3.1677121081310404,Monotonic HistGradientBoostingRegressor,18.459221643626265
81,FD001,0.2891673656306107,0.7108326343693894,Critical,6.207108036127507,3.74339133163407,8.670824740620944,2.463716704493437,Monotonic HistGradientBoostingRegressor,18.459221643626265
35,FD001,0.30141978873629444,0.6985802112637056,Critical,13.952772215085993,4.974737909070004,22.93080652110198,8.978034306015989,Monotonic HistGradientBoostingRegressor,18.459221643626265
49,FD001,0.30365099574573196,0.696349004254268,Critical,7.7113939850641025,5.523358336359996,9.899429633768209,2.1880356487041066,Monotonic HistGradientBoostingRegressor,18.459221643626265
68,FD001,0.3338738435617734,0.6661261564382266,Critical,11.63399895601014,6.259289661545927,17.008708250474353,5.374709294464213,Monotonic HistGradientBoostingRegressor,18.459221643626265
76,FD001,0.33654269780095963,0.6634573021990404,Critical,10.023654612495458,4.332512372136321,15.714796852854594,5.691142240359136,Monotonic HistGradientBoostingRegressor,18.459221643626265
20,FD001,0.34296428869276135,0.6570357113072387,Critical,9.915674682541095,7.453967957522861,12.37738140755933,2.4617067250182343,Monotonic HistGradientBoostingRegressor,18.459221643626265
56,FD001,0.349319026926277,0.6506809730737231,Critical,20.33030530814892,11.932859267834042,28.727751348463798,8.397446040314877,Monotonic HistGradientBoostingRegressor,18.459221643626265
31,FD001,0.3610748684325057,0.6389251315674943,Critical,18.012749379900054,13.030822042011634,22.994676717788472,4.98192733788842,Monotonic HistGradientBoostingRegressor,18.459221643626265
92,FD001,0.36443324963390583,0.6355667503660942,Critical,22.382206763483754,14.45971346907195,30.30470005789556,7.922493294411804,Monotonic HistGradientBoostingRegressor,18.459221643626265
40,FD001,0.3771495429622366,0.6228504570377634,Degrading,25.204438840516598,16.429138275863558,33.97973940516964,8.775300564653042,Monotonic HistGradientBoostingRegressor,18.459221643626265
66,FD001,0.3922462010148021,0.6077537989851979,Critical,25.783423668923422,12.392247469649513,39.17459986819733,13.39117619927391,Monotonic HistGradientBoostingRegressor,18.459221643626265
91,FD001,0.39380309098061633,0.6061969090193837,Degrading,33.53975569254924,25.623828709561085,41.4556826755374,7.915926982988157,Monotonic HistGradientBoostingRegressor,18.459221643626265
36,FD001,0.40037606547931115,0.5996239345206889,Critical,29.75278369391803,21.739195234307694,37.766372153528366,8.013588459610338,Monotonic HistGradientBoostingRegressor,18.459221643626265
77,FD001,0.4069293991168018,0.5930706008831982,Degrading,22.67632421066398,17.23191423344882,28.120734187879144,5.4444099772151615,Monotonic HistGradientBoostingRegressor,18.459221643626265
61,FD001,0.4274146962987767,0.5725853037012233,Critical,19.65229180129574,13.621669942813813,25.682913659777665,6.030621858481926,Monotonic HistGradientBoostingRegressor,18.459221643626265
64,FD001,0.4386671926735713,0.5613328073264288,Critical,21.077136151093654,17.88509918388917,24.269173118298138,3.1920369672044844,Monotonic HistGradientBoostingRegressor,18.459221643626265
58,FD001,0.4444561938319932,0.5555438061680068,Critical,37.017161030367944,26.2108480606266,47.823474000109286,10.806312969741345,Monotonic HistGradientBoostingRegressor,18.459221643626265
100,FD001,0.45526780417067125,0.5447321958293287,Critical,22.311740852882348,16.595352132719942,28.028129573044755,5.716388720162407,Monotonic HistGradientBoostingRegressor,18.459221643626265
90,FD001,0.4713065185196855,0.5286934814803145,Degrading,28.06865151986175,16.4962706066702,39.6410324330533,11.572380913191546,Monotonic HistGradientBoostingRegressor,18.459221643626265
18,FD001,0.48236171523755833,0.5176382847624417,Critical,23.24065239758778,16.793366146768758,29.687938648406803,6.4472862508190225,Monotonic HistGradientBoostingRegressor,18.459221643626265
84,FD001,0.48578473328274946,0.5142152667172506,Degrading,54.614011635484395,40.8556287363207,68.3723945346481,13.758382899163694,Monotonic HistGradientBoostingRegressor,18.459221643626265
41,FD001,0.4878013841936415,0.5121986158063585,Critical,22.52212627277657,14.04111807799218,31.00313446756096,8.48100819478439,Monotonic HistGradientBoostingRegressor,18.459221643626265
43,FD001,0.4949272753367896,0.5050727246632104,Degrading,46.277451809019944,35.888135180867735,56.66676843717215,10.389316628152208,Monotonic HistGradientBoostingRegressor,18.459221643626265
53,FD001,0.5021276307819331,0.4978723692180669,Degrading,40.53688873043104,19.457014442380835,61.61676301848124,21.079874288050203,Monotonic HistGradientBoostingRegressor,18.459221643626265
37,FD001,0.5118051529427514,0.4881948470572486,Critical,22.03113022828794,16.920787774009554,27.141472682566324,5.110342454278383,Monotonic HistGradientBoostingRegressor,18.459221643626265
93,FD001,0.5155440083389903,0.4844559916610097,Degrading,68.50726832864609,42.81699001174185,94.19754664555033,25.69027831690424,Monotonic HistGradientBoostingRegressor,18.459221643626265
3,FD001,0.5180279752295844,0.48197202477041556,Degrading,37.854916221856584,28.725162665489357,46.98466977822381,9.129753556367227,Monotonic HistGradientBoostingRegressor,18.459221643626265
94,FD001,0.5187339395390196,0.4812660604609804,Degrading,45.66821299782187,28.228362081027885,63.108063914615855,17.439850916793983,Monotonic HistGradientBoostingRegressor,18.459221643626265
11,FD001,0.5200512760984128,0.47994872390158716,Degrading,38.05514273407489,26.158908035650352,49.95137743249943,11.89623469842454,Monotonic HistGradientBoostingRegressor,18.459221643626265
46,FD001,0.5214194224839238,0.4785805775160762,Degrading,45.66821299782187,30.099012632999017,61.237413362644716,15.569200364822851,Monotonic HistGradientBoostingRegressor,18.459221643626265
52,FD001,0.5226609891043484,0.47733901089565156,Degrading,34.98059919462716,26.782971489004026,43.178226900250294,8.197627705623134,Monotonic HistGradientBoostingRegressor,18.459221643626265
63,FD001,0.5234783657748379,0.47652163422516214,Degrading,88.05926581556977,72.13601551922638,103.98251611191317,15.923250296343394,Monotonic HistGradientBoostingRegressor,18.459221643626265
4,FD001,0.5269036434766727,0.47309635652332727,Degrading,59.091332557631546,39.654450091556896,78.5282150237062,19.436882466074646,Monotonic HistGradientBoostingRegressor,18.459221643626265
45,FD001,0.5305187859683176,0.4694812140316824,Degrading,54.37285627548396,36.49836047839922,72.2473520725687,17.874495797084737,Monotonic HistGradientBoostingRegressor,18.459221643626265
57,FD001,0.5504665077108245,0.4495334922891755,Degrading,96.29075506182494,76.30863555462551,116.27287456902437,19.982119507199428,Monotonic HistGradientBoostingRegressor,18.459221643626265
38,FD001,0.5561968342698107,0.4438031657301893,Degrading,57.429859494451264,30.40894352181999,84.45077546708254,27.020915972631276,Monotonic HistGradientBoostingRegressor,18.459221643626265
98,FD001,0.5647391622314626,0.4352608377685374,Degrading,65.62168858420317,35.74571328631541,95.49766388209093,29.875975297887763,Monotonic HistGradientBoostingRegressor,18.459221643626265
24,FD001,0.5749465315833995,0.4250534684166005,Critical,45.27606778385688,34.100129344513185,56.45200622320058,11.175938439343698,Monotonic HistGradientBoostingRegressor,18.459221643626265
30,FD001,0.5758098454411498,0.42419015455885023,Degrading,100.88660142861679,77.16099500854818,124.61220784868539,23.725606420068594,Monotonic HistGradientBoostingRegressor,18.459221643626265
8,FD001,0.5788012576930712,0.4211987423069288,Degrading,87.09259488860368,59.184755488177146,115.00043428903022,27.90783940042654,Monotonic HistGradientBoostingRegressor,18.459221643626265
13,FD001,0.5837220066811216,0.4162779933188784,Degrading,62.73229513745169,38.83996163902589,86.6246286358775,23.89233349842581,Monotonic HistGradientBoostingRegressor,18.459221643626265
9,FD001,0.5884780735941817,0.4115219264058183,Healthy,108.623707175218,92.48725465305564,124.76015969738036,16.136452522162358,Monotonic HistGradientBoostingRegressor,18.459221643626265
79,FD001,0.5918912552751214,0.40810874472487857,Degrading,95.16273107928092,71.13633725915052,119.18912489941131,24.026393820130398,Monotonic HistGradientBoostingRegressor,18.459221643626265
17,FD001,0.596195192321977,0.40380480767802296,Degrading,82.52195881387898,55.32038532997919,109.72353229777877,27.20157348389979,Monotonic HistGradientBoostingRegressor,18.459221643626265
70,FD001,0.5977357775421475,0.40226422245785254,Degrading,108.96575330255557,94.54445308378195,123.3870535213292,14.42130021877362,Monotonic HistGradientBoostingRegressor,18.459221643626265
14,FD001,0.5979948298518389,0.40200517014816106,Degrading,99.13052512246972,69.66146337968598,128.59958686525346,29.469061742783737,Monotonic HistGradientBoostingRegressor,18.459221643626265
74,FD001,0.5996916002925873,0.4003083997074127,Degrading,113.71126143575998,90.88739016027299,136.53513271124697,22.823871275486987,Monotonic HistGradientBoostingRegressor,18.459221643626265
5,FD001,0.6012785107189601,0.3987214892810399,Degrading,113.51712451379225,95.94545413218083,131.08879489540368,17.57167038161142,Monotonic HistGradientBoostingRegressor,18.459221643626265
80,FD001,0.6129150789288849,0.38708492107111514,Degrading,105.01814895098163,79.20726171322863,130.82903618873462,25.810887237752986,Monotonic HistGradientBoostingRegressor,18.459221643626265
89,FD001,0.6139445559780112,0.38605544402198877,Degrading,105.01814895098163,90.11276737250468,119.92353052945857,14.90538157847695,Monotonic HistGradientBoostingRegressor,18.459221643626265
72,FD001,0.6180333883522049,0.3819666116477951,Degrading,78.07319925262703,48.70443353120115,107.44196497405292,29.368765721425884,Monotonic HistGradientBoostingRegressor,18.459221643626265
88,FD001,0.6251329451491261,0.3748670548508739,Healthy,113.91191576654522,91.89493368452499,135.92889784856544,22.016982082020235,Monotonic HistGradientBoostingRegressor,18.459221643626265
69,FD001,0.6281388663048099,0.37186113369519014,Healthy,105.06333855949731,88.57557339862727,121.55110372036735,16.487765160870044,Monotonic HistGradientBoostingRegressor,18.459221643626265
48,FD001,0.6291873567579462,0.37081264324205376,Degrading,79.12413333779494,50.403626726664285,107.8446399489256,28.72050661113066,Monotonic HistGradientBoostingRegressor,18.459221643626265
28,FD001,0.6308734707825514,0.3691265292174486,Degrading,114.06787582342461,92.68803485114421,135.44771679570502,21.37984097228041,Monotonic HistGradientBoostingRegressor,18.459221643626265
33,FD001,0.6311542373241332,0.3688457626758668,Healthy,107.4410685983881,85.29623624408927,129.58590095268693,22.144832354298824,Monotonic HistGradientBoostingRegressor,18.459221643626265
47,FD001,0.6315703879630604,0.3684296120369396,Healthy,116.23424530581703,108.8068702647948,123.66162034683926,7.427375041022233,Monotonic HistGradientBoostingRegressor,18.459221643626265
62,FD001,0.6341129233134031,0.3658870766865969,Degrading,59.01818403556104,35.6119882746092,82.42437979651288,23.406195760951842,Monotonic HistGradientBoostingRegressor,18.459221643626265
60,FD001,0.6347246184516425,0.3652753815483575,Healthy,111.32262758265038,99.2196692666022,123.42558589869857,12.102958316048188,Monotonic HistGradientBoostingRegressor,18.459221643626265
10,FD001,0.6394963410675865,0.36050365893241354,Degrading,76.7768993272391,52.8435021592648,100.71029649521338,23.933397167974295,Monotonic HistGradientBoostingRegressor,18.459221643626265
51,FD001,0.6415560476456384,0.35844395235436155,Degrading,107.86806499882103,86.8323810308584,128.90374896678367,21.03568396796263,Monotonic HistGradientBoostingRegressor,18.459221643626265
44,FD001,0.6420426214465216,0.3579573785534784,Degrading,88.63407225663843,61.57411845032162,115.69402606295525,27.059953806316816,Monotonic HistGradientBoostingRegressor,18.459221643626265
97,FD001,0.6489428498372923,0.35105715016270767,Degrading,105.51942538121834,80.36807551684724,130.67077524558943,25.151349864371095,Monotonic HistGradientBoostingRegressor,18.459221643626265
85,FD001,0.6501574534722406,0.34984254652775937,Healthy,116.20080938019784,103.56617840022854,128.83544036016713,12.6346309799693,Monotonic HistGradientBoostingRegressor,18.459221643626265
6,FD001,0.6525608375696881,0.3474391624303119,Degrading,106.11237270911393,81.8788855477498,130.34585987047805,24.233487161364124,Monotonic HistGradientBoostingRegressor,18.459221643626265
2,FD001,0.6525885418365417,0.3474114581634583,Healthy,120.2349197651378,113.16071309583559,127.30912643444002,7.074206669302218,Monotonic HistGradientBoostingRegressor,18.459221643626265
27,FD001,0.6561828537037809,0.34381714629621907,Healthy,105.81524913563933,77.74477354294586,133.8857247283328,28.070475592693473,Monotonic HistGradientBoostingRegressor,18.459221643626265
86,FD001,0.6570677651169753,0.3429322348830247,Degrading,114.8104370185834,98.54510271522523,131.07577132194157,16.26533430335817,Monotonic HistGradientBoostingRegressor,18.459221643626265
12,FD001,0.6593856094884156,0.3406143905115844,Degrading,98.1579102869898,72.75658158158544,123.55923899239417,25.40132870540437,Monotonic HistGradientBoostingRegressor,18.459221643626265
67,FD001,0.6650977537372067,0.3349022462627933,Healthy,92.31114637791201,66.27333733029819,118.34895542552583,26.037809047613816,Monotonic HistGradientBoostingRegressor,18.459221643626265
7,FD001,0.6711230477944743,0.3288769522055257,Healthy,110.75003017455582,86.40842176426378,135.09163858484786,24.341608410292036,Monotonic HistGradientBoostingRegressor,18.459221643626265
83,FD001,0.6805795256916989,0.3194204743083011,Healthy,115.4405023406799,101.37324958827654,129.50775509308326,14.067252752403364,Monotonic HistGradientBoostingRegressor,18.459221643626265
32,FD001,0.6831143613187713,0.31688563868122865,Degrading,66.26635677624655,48.46351711511384,84.06919643737928,17.802839661132715,Monotonic HistGradientBoostingRegressor,18.459221643626265
29,FD001,0.6848832659313082,0.3151167340686918,Healthy,108.6297107698521,96.80480485056462,120.45461668913957,11.824905919287476,Monotonic HistGradientBoostingRegressor,18.459221643626265
19,FD001,0.6872401800163467,0.3127598199836533,Degrading,84.77153489283418,57.94586807912758,111.59720170654079,26.825666813706604,Monotonic HistGradientBoostingRegressor,18.459221643626265
95,FD001,0.6964295208797292,0.3035704791202708,Healthy,92.01140588010128,67.66317391143464,116.35963784876792,24.34823196866664,Monotonic HistGradientBoostingRegressor,18.459221643626265
25,FD001,0.7099603906583808,0.2900396093416192,Degrading,106.16031880155397,90.67734751048712,121.64329009262082,15.48297129106684,Monotonic HistGradientBoostingRegressor,18.459221643626265
21,FD001,0.7106830776628945,0.2893169223371055,Degrading,87.84584716188118,63.80251336641929,111.88918095734307,24.043333795461894,Monotonic HistGradientBoostingRegressor,18.459221643626265
22,FD001,0.7115197072009553,0.28848029279904475,Healthy,108.4432746792032,92.63321775330948,124.25333160509692,15.81005692589372,Monotonic HistGradientBoostingRegressor,18.459221643626265
55,FD001,0.7116725995801076,0.28832740041989235,Healthy,111.9182629031475,93.94717501175928,129.88935079453572,17.971087891388212,Monotonic HistGradientBoostingRegressor,18.459221643626265
50,FD001,0.7214750968771535,0.2785249031228465,Degrading,88.54319835057412,65.18620582156902,111.90019087957921,23.3569925290051,Monotonic HistGradientBoostingRegressor,18.459221643626265
75,FD001,0.7230467331027424,0.27695326689725763,Healthy,99.15389508261012,79.95786684758191,118.34992331763833,19.196028235028205,Monotonic HistGradientBoostingRegressor,18.459221643626265
16,FD001,0.7378713904310653,0.2621286095689347,Healthy,111.50996145105265,90.45978330453806,132.56013959756723,21.05017814651458,Monotonic HistGradientBoostingRegressor,18.459221643626265
23,FD001,0.741726444176912,0.258273555823088,Healthy,109.5923920194336,91.33027001786982,127.85451402099739,18.262122001563785,Monotonic HistGradientBoostingRegressor,18.459221643626265
71,FD001,0.7464369883052313,0.2535630116947687,Healthy,107.45064943254715,87.44165145663641,127.4596474084579,20.008997975910738,Monotonic HistGradientBoostingRegressor,18.459221643626265
1,FD001,0.7613945263361466,0.23860547366385343,Healthy,105.72244456313949,83.93168734821003,127.51320177806895,21.790757214929457,Monotonic HistGradientBoostingRegressor,18.459221643626265
15,FD001,0.7640668422300015,0.23593315776999846,Healthy,108.47772489716121,82.99914762133986,133.95630217298256,25.478577275821348,Monotonic HistGradientBoostingRegressor,18.459221643626265
87,FD001,0.7657856326775445,0.23421436732245549,Healthy,109.83991561151016,92.28692441342658,127.39290680959375,17.552991198083593,Monotonic HistGradientBoostingRegressor,18.459221643626265
39,FD001,0.780866548953552,0.219133451046448,Healthy,117.64900566091974,97.3219325809114,137.97607874092807,20.327073080008347,Monotonic HistGradientBoostingRegressor,18.459221643626265
73,FD001,0.7814258344996752,0.21857416550032482,Healthy,115.9386830545085,100.32370626938327,131.55365983963372,15.614976785125233,Monotonic HistGradientBoostingRegressor,18.459221643626265
26,FD001,0.7997031138460713,0.2002968861539287,Healthy,120.0146499075592,109.96487876588637,130.06442104923204,10.049771141672828,Monotonic HistGradientBoostingRegressor,18.459221643626265
96,FD001,0.8177622978578503,0.18223770214214974,Healthy,121.97413854677173,119.62256460576965,124.3257124877738,2.351573941002068,Monotonic HistGradientBoostingRegressor,18.459221643626265
65,FD001,0.8202889118341885,0.1797110881658115,Healthy,120.71590318390464,116.33658816897366,125.09521819883562,4.379315014930987,Monotonic HistGradientBoostingRegressor,18.459221643626265
99,FD001,0.8263266556638982,0.17367334433610182,Healthy,120.04440125444256,115.1438298591867,124.94497264969843,4.900571395255862,Monotonic HistGradientBoostingRegressor,18.459221643626265
59,FD001,0.8302116879186756,0.1697883120813244,Healthy,120.18562853436144,104.8371562976859,135.53410077103698,15.348472236675544,Monotonic HistGradientBoostingRegressor,18.459221643626265
54,FD001,0.8419165280962893,0.15808347190371075,Healthy,123.36162959844954,119.87366457568913,126.84959462120995,3.4879650227604055,Monotonic HistGradientBoostingRegressor,18.459221643626265
78,FD001,0.8822730312710187,0.11772696872898125,Healthy,126.46173900890103,124.06557540847639,128.8579026093257,2.396163600424646,Monotonic HistGradientBoostingRegressor,18.459221643626265
